experiment_name,method,split,final_accuracy_percent,final_test_loss,final_train_loss,communication_mib_per_round,avg_round_time_seconds,avg_masking_time_seconds,avg_seed_overhead_bytes,max_cancellation_error,avg_he_encryption_time_seconds,avg_he_aggregation_time_seconds,avg_he_decryption_time_seconds,avg_he_total_time_seconds,he_ciphertext_bytes,he_num_encrypted_values,he_ciphertext_expansion_ratio,avg_adaptive_he_targets_count,avg_adaptive_he_target_ratio_actual,avg_adaptive_risk_score,max_adaptive_risk_score
baseline_iid_5c_20r_b32,baseline,iid,92.364,0.2700182040399313,0.2801172953208287,3.8822174072265625,7.366321405002964,0.0,0.0,0.0,0.0,0.0,0.0,0.0,0.0,0.0,0.0,0.0,0.0,0.0,0.0
masking_iid_5c_20r_b32,simple_masking,iid,92.364,0.2700256853753328,0.280120825056235,7.764434814453125,7.206412654997257,0.004962889997113915,0.0,0.0,0.0,0.0,0.0,0.0,0.0,0.0,0.0,0.0,0.0,0.0,0.0
pairwise_masking_iid_5c_20r_b32,pairwise_masking,iid,92.364,0.2700274226635694,0.2801239522159099,3.8826751708984375,7.776675269998668,0.01102253000135529,480.0,3.166496753692627e-07,0.0,0.0,0.0,0.0,0.0,0.0,0.0,0.0,0.0,0.0,0.0
baseline_non_iid_5c_20r_b32,baseline,non_iid,62.146,1.1988699350738523,0.1048682926950355,3.8822174072265625,7.887511315001757,0.0,0.0,0.0,0.0,0.0,0.0,0.0,0.0,0.0,0.0,0.0,0.0,0.0,0.0
masking_non_iid_5c_20r_b32,simple_masking,non_iid,62.146,1.1988612136268617,0.1048684784057239,7.764434814453125,7.33811846000317,0.004551619998528576,0.0,0.0,0.0,0.0,0.0,0.0,0.0,0.0,0.0,0.0,0.0,0.0,0.0
pairwise_masking_non_iid_5c_20r_b32,pairwise_masking,non_iid,62.146,1.1988736478996276,0.1048682474055638,3.8826751708984375,7.678039910002553,0.011198869999498089,480.0,3.073364496231079e-07,0.0,0.0,0.0,0.0,0.0,0.0,0.0,0.0,0.0,0.0,0.0
selective_he_iid_5c_20r_b32,selective_he,iid,92.366,0.2700205510699749,0.2801193761448065,7.021790504455566,7.69161371000082,0.0,0.0,0.0,0.04441014000185527,0.0035406499955569952,0.0048656200015102,0.052816409998922564,3343681.0,19350.0,64.80001937984495,0.0,0.0,0.0,0.0
selective_he_non_iid_5c_20r_b32,selective_he,non_iid,62.146,1.1988638907432556,0.1048682699369887,7.020125389099121,7.847095129998342,0.0,0.0,0.0,0.045700374996522394,0.00351659999578255,0.005039674995350604,0.05425664998765565,3341935.0,19350.0,64.76618217054263,0.0,0.0,0.0,0.0
adaptive_hybrid_iid_5c_20r_b32,adaptive_hybrid,iid,92.364,0.2700234109294414,0.2801204875508944,5.137360572814941,8.168700400003582,0.01264544000150632,480.0,3.166496753692627e-07,0.019207994993485005,0.0015066100007970298,0.0022453499957918654,0.02295995499007399,1336273.0,7740.0,64.74190891472868,2.0,0.4000000000000001,0.2372362255526856,1.0128448985299754
adaptive_hybrid_non_iid_5c_20r_b32,adaptive_hybrid,non_iid,62.146,1.1988734155273435,0.1048682305103788,5.137399673461914,7.635207704998902,0.012422400010109351,480.0,2.952292561531067e-07,0.01851858998852545,0.001458134999847925,0.00202084499906045,0.02199756998743391,1336314.0,7740.0,64.74389534883721,2.0,0.4000000000000001,0.6551807443871352,1.3976687042930878
